[
  {
    "model": "brands.AccountGroup",
    "pk": 1,
    "fields": {
      "AccountGroupID": 0,
      "AccountGroupName": "Account",
      "GroupCode": "GP1",
      "AccountGroupUnder": 0,
      "Notes": "Default Group",
      "CreatedUserID": 1,
      "CreatedDate": "2020-06-01",
      "UpdatedDate": "2020-06-01",
      "IsActive": 1,
      "IsDefault": 1,
      "Action": "A"
    }
  },
  {
    "model": "brands.AccountGroup",
    "pk": 2,
    "fields": {
      "AccountGroupID": 1,
      "AccountGroupName": "Balance Sheet",
      "GroupCode": "GP2",
      "AccountGroupUnder": 0,
      "Notes": "Default Group",
      "CreatedUserID": 1,
      "CreatedDate": "2020-06-01",
      "UpdatedDate": "2020-06-01",
      "IsActive": 1,
      "IsDefault": 1,
      "Action": "A"
    }
  },
  {
    "model": "brands.AccountGroup",
    "pk": 3,
    "fields": {
      "AccountGroupID": 2,
      "AccountGroupName": "Profit & Loss Account",
      "GroupCode": "GP3",
      "AccountGroupUnder": 0,
      "Notes": "Default Group",
      "CreatedUserID": 1,
      "CreatedDate": "2020-06-01",
      "UpdatedDate": "2020-06-01",
      "IsActive": 1,
      "IsDefault": 1,
      "Action": "A"
    }
  },
  {
    "model": "brands.AccountGroup",
    "pk": 4,
    "fields": {
      "AccountGroupID": 3,
      "AccountGroupName": "Assets",
      "GroupCode": "GP4",
      "AccountGroupUnder": 1,
      "Notes": "Default Group",
      "CreatedUserID": 1,
      "CreatedDate": "2020-06-01",
      "UpdatedDate": "2020-06-01",
      "IsActive": 1,
      "IsDefault": 1,
      "Action": "A"
    }
  },
  {
    "model": "brands.AccountGroup",
    "pk": 5,
    "fields": {
      "AccountGroupID": 4,
      "AccountGroupName": "Liabilitis",
      "GroupCode": "GP5",
      "AccountGroupUnder": 1,
      "Notes": "Default Group",
      "CreatedUserID": 1,
      "CreatedDate": "2020-06-01",
      "UpdatedDate": "2020-06-01",
      "IsActive": 1,
      "IsDefault": 1,
      "Action": "A"
    }
  },
  {
    "model": "brands.AccountGroup",
    "pk": 6,
    "fields": {
      "AccountGroupID": 5,
      "AccountGroupName": "Current Assets",
      "GroupCode": "GP6",
      "AccountGroupUnder": 3,
      "Notes": "Default Group",
      "CreatedUserID": 1,
      "CreatedDate": "2020-06-01",
      "UpdatedDate": "2020-06-01",
      "IsActive": 1,
      "IsDefault": 1,
      "Action": "A"
    }
  },
  {
    "model": "brands.AccountGroup",
    "pk": 7,
    "fields": {
      "AccountGroupID": 6,
      "AccountGroupName": "Fixed Assets",
      "GroupCode": "GP7",
      "AccountGroupUnder": 3,
      "Notes": "Default Group",
      "CreatedUserID": 1,
      "CreatedDate": "2020-06-01",
      "UpdatedDate": "2020-06-01",
      "IsActive": 1,
      "IsDefault": 1,
      "Action": "A"
    }
  },
  {
    "model": "brands.AccountGroup",
    "pk": 8,
    "fields": {
      "AccountGroupID": 7,
      "AccountGroupName": "Miscellaneous Assets",
      "GroupCode": "GP8",
      "AccountGroupUnder": 3,
      "Notes": "Default Group",
      "CreatedUserID": 1,
      "CreatedDate": "2020-06-01",
      "UpdatedDate": "2020-06-01",
      "IsActive": 1,
      "IsDefault": 1,
      "Action": "A"
    }
  },
  {
    "model": "brands.AccountGroup",
    "pk": 9,
    "fields": {
      "AccountGroupID": 8,
      "AccountGroupName": "Banks",
      "GroupCode": "GP9",
      "AccountGroupUnder": 5,
      "Notes": "Default Group",
      "CreatedUserID": 1,
      "CreatedDate": "2020-06-01",
      "UpdatedDate": "2020-06-01",
      "IsActive": 1,
      "IsDefault": 1,
      "Action": "A"
    }
  },
  {
    "model": "brands.AccountGroup",
    "pk": 10,
    "fields": {
      "AccountGroupID": 9,
      "AccountGroupName": "Cash in Hand",
      "GroupCode": "GP10",
      "AccountGroupUnder": 5,
      "Notes": "Default Group",
      "CreatedUserID": 1,
      "CreatedDate": "2020-06-01",
      "UpdatedDate": "2020-06-01",
      "IsActive": 1,
      "IsDefault": 1,
      "Action": "A"
    }
  },
  {
    "model": "brands.AccountGroup",
    "pk": 11,
    "fields": {
      "AccountGroupID": 10,
      "AccountGroupName": "Sundry Debtors",
      "GroupCode": "GP11",
      "AccountGroupUnder": 5,
      "Notes": "Default Group",
      "CreatedUserID": 1,
      "CreatedDate": "2020-06-01",
      "UpdatedDate": "2020-06-01",
      "IsActive": 1,
      "IsDefault": 1,
      "Action": "A"
    }
  },
  {
    "model": "brands.AccountGroup",
    "pk": 12,
    "fields": {
      "AccountGroupID": 11,
      "AccountGroupName": "Duties & Taxes Receivable",
      "GroupCode": "GP12",
      "AccountGroupUnder": 5,
      "Notes": "Default Group",
      "CreatedUserID": 1,
      "CreatedDate": "2020-06-01",
      "UpdatedDate": "2020-06-01",
      "IsActive": 1,
      "IsDefault": 1,
      "Action": "A"
    }
  },
  {
    "model": "brands.AccountGroup",
    "pk": 13,
    "fields": {
      "AccountGroupID": 12,
      "AccountGroupName": "Insurance",
      "GroupCode": "GP13",
      "AccountGroupUnder": 5,
      "Notes": "Default Group",
      "CreatedUserID": 1,
      "CreatedDate": "2020-06-01",
      "UpdatedDate": "2020-06-01",
      "IsActive": 1,
      "IsDefault": 1,
      "Action": "A"
    }
  },
  {
    "model": "brands.AccountGroup",
    "pk": 14,
    "fields": {
      "AccountGroupID": 13,
      "AccountGroupName": "Inventory",
      "GroupCode": "GP14",
      "AccountGroupUnder": 5,
      "Notes": "Default Group",
      "CreatedUserID": 1,
      "CreatedDate": "2020-06-01",
      "UpdatedDate": "2020-06-01",
      "IsActive": 1,
      "IsDefault": 1,
      "Action": "A"
    }
  },
  {
    "model": "brands.AccountGroup",
    "pk": 15,
    "fields": {
      "AccountGroupID": 14,
      "AccountGroupName": "Loans & Advances",
      "GroupCode": "GP15",
      "AccountGroupUnder": 5,
      "Notes": "Default Group",
      "CreatedUserID": 1,
      "CreatedDate": "2020-06-01",
      "UpdatedDate": "2020-06-01",
      "IsActive": 1,
      "IsDefault": 1,
      "Action": "A"
    }
  },
  {
    "model": "brands.AccountGroup",
    "pk": 16,
    "fields": {
      "AccountGroupID": 15,
      "AccountGroupName": "Uncleared Receipts",
      "GroupCode": "GP16",
      "AccountGroupUnder": 5,
      "Notes": "Default Group",
      "CreatedUserID": 1,
      "CreatedDate": "2020-06-01",
      "UpdatedDate": "2020-06-01",
      "IsActive": 1,
      "IsDefault": 1,
      "Action": "A"
    }
  },
  {
    "model": "brands.AccountGroup",
    "pk": 17,
    "fields": {
      "AccountGroupID": 16,
      "AccountGroupName": "Closing Stock",
      "GroupCode": "GP17",
      "AccountGroupUnder": 13,
      "Notes": "Default Group",
      "CreatedUserID": 1,
      "CreatedDate": "2020-06-01",
      "UpdatedDate": "2020-06-01",
      "IsActive": 1,
      "IsDefault": 1,
      "Action": "A"
    }
  },
  {
    "model": "brands.AccountGroup",
    "pk": 18,
    "fields": {
      "AccountGroupID": 17,
      "AccountGroupName": "Advances",
      "GroupCode": "GP18",
      "AccountGroupUnder": 14,
      "Notes": "Default Group",
      "CreatedUserID": 1,
      "CreatedDate": "2020-06-01",
      "UpdatedDate": "2020-06-01",
      "IsActive": 1,
      "IsDefault": 1,
      "Action": "A"
    }
  },
  {
    "model": "brands.AccountGroup",
    "pk": 19,
    "fields": {
      "AccountGroupID": 18,
      "AccountGroupName": "Deposits",
      "GroupCode": "GP19",
      "AccountGroupUnder": 14,
      "Notes": "Default Group",
      "CreatedUserID": 1,
      "CreatedDate": "2020-06-01",
      "UpdatedDate": "2020-06-01",
      "IsActive": 1,
      "IsDefault": 1,
      "Action": "A"
    }
  },
  {
    "model": "brands.AccountGroup",
    "pk": 20,
    "fields": {
      "AccountGroupID": 19,
      "AccountGroupName": "Loans Given",
      "GroupCode": "GP20",
      "AccountGroupUnder": 14,
      "Notes": "Default Group",
      "CreatedUserID": 1,
      "CreatedDate": "2020-06-01",
      "UpdatedDate": "2020-06-01",
      "IsActive": 1,
      "IsDefault": 1,
      "Action": "A"
    }
  },
  {
    "model": "brands.AccountGroup",
    "pk": 21,
    "fields": {
      "AccountGroupID": 20,
      "AccountGroupName": "Immovable Assets",
      "GroupCode": "GP21",
      "AccountGroupUnder": 6,
      "Notes": "Default Group",
      "CreatedUserID": 1,
      "CreatedDate": "2020-06-01",
      "UpdatedDate": "2020-06-01",
      "IsActive": 1,
      "IsDefault": 1,
      "Action": "A"
    }
  },
  {
    "model": "brands.AccountGroup",
    "pk": 22,
    "fields": {
      "AccountGroupID": 21,
      "AccountGroupName": "Movable Assets",
      "GroupCode": "GP22",
      "AccountGroupUnder": 6,
      "Notes": "Default Group",
      "CreatedUserID": 1,
      "CreatedDate": "2020-06-01",
      "UpdatedDate": "2020-06-01",
      "IsActive": 1,
      "IsDefault": 1,
      "Action": "A"
    }
  },
  {
    "model": "brands.AccountGroup",
    "pk": 23,
    "fields": {
      "AccountGroupID": 22,
      "AccountGroupName": "GST Receivable",
      "GroupCode": "GP23",
      "AccountGroupUnder": 11,
      "Notes": "Default Group",
      "CreatedUserID": 1,
      "CreatedDate": "2020-06-01",
      "UpdatedDate": "2020-06-01",
      "IsActive": 1,
      "IsDefault": 1,
      "Action": "A"
    }
  },
  {
    "model": "brands.AccountGroup",
    "pk": 24,
    "fields": {
      "AccountGroupID": 23,
      "AccountGroupName": "Current Liabilitis & Provisions",
      "GroupCode": "GP24",
      "AccountGroupUnder": 4,
      "Notes": "Default Group",
      "CreatedUserID": 1,
      "CreatedDate": "2020-06-01",
      "UpdatedDate": "2020-06-01",
      "IsActive": 1,
      "IsDefault": 1,
      "Action": "A"
    }
  },
  {
    "model": "brands.AccountGroup",
    "pk": 25,
    "fields": {
      "AccountGroupID": 24,
      "AccountGroupName": "Loan Funds",
      "GroupCode": "GP25",
      "AccountGroupUnder": 4,
      "Notes": "Default Group",
      "CreatedUserID": 1,
      "CreatedDate": "2020-06-01",
      "UpdatedDate": "2020-06-01",
      "IsActive": 1,
      "IsDefault": 1,
      "Action": "A"
    }
  },
  {
    "model": "brands.AccountGroup",
    "pk": 26,
    "fields": {
      "AccountGroupID": 25,
      "AccountGroupName": "Owners Funds",
      "GroupCode": "GP26",
      "AccountGroupUnder": 4,
      "Notes": "Default Group",
      "CreatedUserID": 1,
      "CreatedDate": "2020-06-01",
      "UpdatedDate": "2020-06-01",
      "IsActive": 1,
      "IsDefault": 1,
      "Action": "A"
    }
  },
  {
    "model": "brands.AccountGroup",
    "pk": 27,
    "fields": {
      "AccountGroupID": 26,
      "AccountGroupName": "Suspense Accounts",
      "GroupCode": "GP27",
      "AccountGroupUnder": 4,
      "Notes": "Default Group",
      "CreatedUserID": 1,
      "CreatedDate": "2020-06-01",
      "UpdatedDate": "2020-06-01",
      "IsActive": 1,
      "IsDefault": 1,
      "Action": "A"
    }
  },
  {
    "model": "brands.AccountGroup",
    "pk": 29,
    "fields": {
      "AccountGroupID": 28,
      "AccountGroupName": "Bank Overdraft",
      "GroupCode": "GP29",
      "AccountGroupUnder": 23,
      "Notes": "Default Group",
      "CreatedUserID": 1,
      "CreatedDate": "2020-06-01",
      "UpdatedDate": "2020-06-01",
      "IsActive": 1,
      "IsDefault": 1,
      "Action": "A"
    }
  },
  {
    "model": "brands.AccountGroup",
    "pk": 30,
    "fields": {
      "AccountGroupID": 29,
      "AccountGroupName": "Sundry Creditors",
      "GroupCode": "GP30",
      "AccountGroupUnder": 23,
      "Notes": "Default Group",
      "CreatedUserID": 1,
      "CreatedDate": "2020-06-01",
      "UpdatedDate": "2020-06-01",
      "IsActive": 1,
      "IsDefault": 1,
      "Action": "A"
    }
  },
  {
    "model": "brands.AccountGroup",
    "pk": 31,
    "fields": {
      "AccountGroupID": 30,
      "AccountGroupName": "Duties & Taxes Payable",
      "GroupCode": "GP31",
      "AccountGroupUnder": 23,
      "Notes": "Default Group",
      "CreatedUserID": 1,
      "CreatedDate": "2020-06-01",
      "UpdatedDate": "2020-06-01",
      "IsActive": 1,
      "IsDefault": 1,
      "Action": "A"
    }
  },
  {
    "model": "brands.AccountGroup",
    "pk": 32,
    "fields": {
      "AccountGroupID": 31,
      "AccountGroupName": "Provisions for Expense",
      "GroupCode": "GP32",
      "AccountGroupUnder": 23,
      "Notes": "Default Group",
      "CreatedUserID": 1,
      "CreatedDate": "2020-06-01",
      "UpdatedDate": "2020-06-01",
      "IsActive": 1,
      "IsDefault": 1,
      "Action": "A"
    }
  },
  {
    "model": "brands.AccountGroup",
    "pk": 33,
    "fields": {
      "AccountGroupID": 32,
      "AccountGroupName": "Salary Payable",
      "GroupCode": "GP33",
      "AccountGroupUnder": 23,
      "Notes": "Default Group",
      "CreatedUserID": 1,
      "CreatedDate": "2020-06-01",
      "UpdatedDate": "2020-06-01",
      "IsActive": 1,
      "IsDefault": 1,
      "Action": "A"
    }
  },
  {
    "model": "brands.AccountGroup",
    "pk": 34,
    "fields": {
      "AccountGroupID": 33,
      "AccountGroupName": "GST Payable",
      "GroupCode": "GP34",
      "AccountGroupUnder": 30,
      "Notes": "Default Group",
      "CreatedUserID": 1,
      "CreatedDate": "2020-06-01",
      "UpdatedDate": "2020-06-01",
      "IsActive": 1,
      "IsDefault": 1,
      "Action": "A"
    }
  },
  {
    "model": "brands.AccountGroup",
    "pk": 35,
    "fields": {
      "AccountGroupID": 34,
      "AccountGroupName": "Secured Loans",
      "GroupCode": "GP35",
      "AccountGroupUnder": 24,
      "Notes": "Default Group",
      "CreatedUserID": 1,
      "CreatedDate": "2020-06-01",
      "UpdatedDate": "2020-06-01",
      "IsActive": 1,
      "IsDefault": 1,
      "Action": "A"
    }
  },
  {
    "model": "brands.AccountGroup",
    "pk": 36,
    "fields": {
      "AccountGroupID": 35,
      "AccountGroupName": "Unsecured Lons",
      "GroupCode": "GP36",
      "AccountGroupUnder": 24,
      "Notes": "Default Group",
      "CreatedUserID": 1,
      "CreatedDate": "2020-06-01",
      "UpdatedDate": "2020-06-01",
      "IsActive": 1,
      "IsDefault": 1,
      "Action": "A"
    }
  },
  {
    "model": "brands.AccountGroup",
    "pk": 37,
    "fields": {
      "AccountGroupID": 36,
      "AccountGroupName": "Loans from Partners",
      "GroupCode": "GP37",
      "AccountGroupUnder": 35,
      "Notes": "Default Group",
      "CreatedUserID": 1,
      "CreatedDate": "2020-06-01",
      "UpdatedDate": "2020-06-01",
      "IsActive": 1,
      "IsDefault": 1,
      "Action": "A"
    }
  },
  {
    "model": "brands.AccountGroup",
    "pk": 38,
    "fields": {
      "AccountGroupID": 37,
      "AccountGroupName": "Capital",
      "GroupCode": "GP38",
      "AccountGroupUnder": 25,
      "Notes": "Default Group",
      "CreatedUserID": 1,
      "CreatedDate": "2020-06-01",
      "UpdatedDate": "2020-06-01",
      "IsActive": 1,
      "IsDefault": 1,
      "Action": "A"
    }
  },
  {
    "model": "brands.AccountGroup",
    "pk": 39,
    "fields": {
      "AccountGroupID": 38,
      "AccountGroupName": "Reserves & Surplus",
      "GroupCode": "GP39",
      "AccountGroupUnder": 38,
      "Notes": "Default Group",
      "CreatedUserID": 1,
      "CreatedDate": "2020-06-01",
      "UpdatedDate": "2020-06-01",
      "IsActive": 1,
      "IsDefault": 1,
      "Action": "A"
    }
  },
  {
    "model": "brands.AccountGroup",
    "pk": 40,
    "fields": {
      "AccountGroupID": 39,
      "AccountGroupName": "Profit/Loss for Previous year",
      "GroupCode": "GP40",
      "AccountGroupUnder": 2,
      "Notes": "Default Group",
      "CreatedUserID": 1,
      "CreatedDate": "2020-06-01",
      "UpdatedDate": "2020-06-01",
      "IsActive": 1,
      "IsDefault": 1,
      "Action": "A"
    }
  },
  {
    "model": "brands.AccountGroup",
    "pk": 41,
    "fields": {
      "AccountGroupID": 40,
      "AccountGroupName": "Expenses",
      "GroupCode": "GP41",
      "AccountGroupUnder": 2,
      "Notes": "Default Group",
      "CreatedUserID": 1,
      "CreatedDate": "2020-06-01",
      "UpdatedDate": "2020-06-01",
      "IsActive": 1,
      "IsDefault": 1,
      "Action": "A"
    }
  },
  {
    "model": "brands.AccountGroup",
    "pk": 42,
    "fields": {
      "AccountGroupID": 41,
      "AccountGroupName": "Income",
      "GroupCode": "GP42",
      "AccountGroupUnder": 40,
      "Notes": "Default Group",
      "CreatedUserID": 1,
      "CreatedDate": "2020-06-01",
      "UpdatedDate": "2020-06-01",
      "IsActive": 1,
      "IsDefault": 1,
      "Action": "A"
    }
  },
  {
    "model": "brands.AccountGroup",
    "pk": 43,
    "fields": {
      "AccountGroupID": 42,
      "AccountGroupName": "Direct Expenses",
      "GroupCode": "GP43",
      "AccountGroupUnder": 40,
      "Notes": "Default Group",
      "CreatedUserID": 1,
      "CreatedDate": "2020-06-01",
      "UpdatedDate": "2020-06-01",
      "IsActive": 1,
      "IsDefault": 1,
      "Action": "A"
    }
  },
  {
    "model": "brands.AccountGroup",
    "pk": 44,
    "fields": {
      "AccountGroupID": 43,
      "AccountGroupName": "Indirect Expenses",
      "GroupCode": "GP44",
      "AccountGroupUnder": 40,
      "Notes": "Default Group",
      "CreatedUserID": 1,
      "CreatedDate": "2020-06-01",
      "UpdatedDate": "2020-06-01",
      "IsActive": 1,
      "IsDefault": 1,
      "Action": "A"
    }
  },
  {
    "model": "brands.AccountGroup",
    "pk": 45,
    "fields": {
      "AccountGroupID": 44,
      "AccountGroupName": "Carriage Inward",
      "GroupCode": "GP45",
      "AccountGroupUnder": 42,
      "Notes": "Default Group",
      "CreatedUserID": 1,
      "CreatedDate": "2020-06-01",
      "UpdatedDate": "2020-06-01",
      "IsActive": 1,
      "IsDefault": 1,
      "Action": "A"
    }
  },
  {
    "model": "brands.AccountGroup",
    "pk": 46,
    "fields": {
      "AccountGroupID": 45,
      "AccountGroupName": "Opening Stock",
      "GroupCode": "GP46",
      "AccountGroupUnder": 42,
      "Notes": "Default Group",
      "CreatedUserID": 1,
      "CreatedDate": "2020-06-01",
      "UpdatedDate": "2020-06-01",
      "IsActive": 1,
      "IsDefault": 1,
      "Action": "A"
    }
  },
  {
    "model": "brands.AccountGroup",
    "pk": 47,
    "fields": {
      "AccountGroupID": 46,
      "AccountGroupName": "Product Resources",
      "GroupCode": "GP47",
      "AccountGroupUnder": 42,
      "Notes": "Default Group",
      "CreatedUserID": 1,
      "CreatedDate": "2020-06-01",
      "UpdatedDate": "2020-06-01",
      "IsActive": 1,
      "IsDefault": 1,
      "Action": "A"
    }
  },
  {
    "model": "brands.AccountGroup",
    "pk": 48,
    "fields": {
      "AccountGroupID": 47,
      "AccountGroupName": "Production Expenses",
      "GroupCode": "GP48",
      "AccountGroupUnder": 42,
      "Notes": "Default Group",
      "CreatedUserID": 1,
      "CreatedDate": "2020-06-01",
      "UpdatedDate": "2020-06-01",
      "IsActive": 1,
      "IsDefault": 1,
      "Action": "A"
    }
  },
  {
    "model": "brands.AccountGroup",
    "pk": 49,
    "fields": {
      "AccountGroupID": 48,
      "AccountGroupName": "Purchase",
      "GroupCode": "GP49",
      "AccountGroupUnder": 42,
      "Notes": "Default Group",
      "CreatedUserID": 1,
      "CreatedDate": "2020-06-01",
      "UpdatedDate": "2020-06-01",
      "IsActive": 1,
      "IsDefault": 1,
      "Action": "A"
    }
  },
  {
    "model": "brands.AccountGroup",
    "pk": 50,
    "fields": {
      "AccountGroupID": 49,
      "AccountGroupName": "Freight",
      "GroupCode": "GP50",
      "AccountGroupUnder": 48,
      "Notes": "Default Group",
      "CreatedUserID": 1,
      "CreatedDate": "2020-06-01",
      "UpdatedDate": "2020-06-01",
      "IsActive": 1,
      "IsDefault": 1,
      "Action": "A"
    }
  },
  {
    "model": "brands.AccountGroup",
    "pk": 51,
    "fields": {
      "AccountGroupID": 50,
      "AccountGroupName": "Administrative Expenses",
      "GroupCode": "GP51",
      "AccountGroupUnder": 43,
      "Notes": "Default Group",
      "CreatedUserID": 1,
      "CreatedDate": "2020-06-01",
      "UpdatedDate": "2020-06-01",
      "IsActive": 1,
      "IsDefault": 1,
      "Action": "A"
    }
  },
  {
    "model": "brands.AccountGroup",
    "pk": 52,
    "fields": {
      "AccountGroupID": 51,
      "AccountGroupName": "Advertisement",
      "GroupCode": "GP52",
      "AccountGroupUnder": 43,
      "Notes": "Default Group",
      "CreatedUserID": 1,
      "CreatedDate": "2020-06-01",
      "UpdatedDate": "2020-06-01",
      "IsActive": 1,
      "IsDefault": 1,
      "Action": "A"
    }
  },
  {
    "model": "brands.AccountGroup",
    "pk": 53,
    "fields": {
      "AccountGroupID": 52,
      "AccountGroupName": "Bad Debts",
      "GroupCode": "GP53",
      "AccountGroupUnder": 43,
      "Notes": "Default Group",
      "CreatedUserID": 1,
      "CreatedDate": "2020-06-01",
      "UpdatedDate": "2020-06-01",
      "IsActive": 1,
      "IsDefault": 1,
      "Action": "A"
    }
  },
  {
    "model": "brands.AccountGroup",
    "pk": 54,
    "fields": {
      "AccountGroupID": 53,
      "AccountGroupName": "Commission Charges",
      "GroupCode": "GP54",
      "AccountGroupUnder": 43,
      "Notes": "Default Group",
      "CreatedUserID": 1,
      "CreatedDate": "2020-06-01",
      "UpdatedDate": "2020-06-01",
      "IsActive": 1,
      "IsDefault": 1,
      "Action": "A"
    }
  },
  {
    "model": "brands.AccountGroup",
    "pk": 55,
    "fields": {
      "AccountGroupID": 54,
      "AccountGroupName": "Depreciation",
      "GroupCode": "GP55",
      "AccountGroupUnder": 43,
      "Notes": "Default Group",
      "CreatedUserID": 1,
      "CreatedDate": "2020-06-01",
      "UpdatedDate": "2020-06-01",
      "IsActive": 1,
      "IsDefault": 1,
      "Action": "A"
    }
  },
  {
    "model": "brands.AccountGroup",
    "pk": 56,
    "fields": {
      "AccountGroupID": 55,
      "AccountGroupName": "Discount Given",
      "GroupCode": "GP56",
      "AccountGroupUnder": 43,
      "Notes": "Default Group",
      "CreatedUserID": 1,
      "CreatedDate": "2020-06-01",
      "UpdatedDate": "2020-06-01",
      "IsActive": 1,
      "IsDefault": 1,
      "Action": "A"
    }
  },
  {
    "model": "brands.AccountGroup",
    "pk": 57,
    "fields": {
      "AccountGroupID": 56,
      "AccountGroupName": "Interest",
      "GroupCode": "GP57",
      "AccountGroupUnder": 43,
      "Notes": "Default Group",
      "CreatedUserID": 1,
      "CreatedDate": "2020-06-01",
      "UpdatedDate": "2020-06-01",
      "IsActive": 1,
      "IsDefault": 1,
      "Action": "A"
    }
  },
  {
    "model": "brands.AccountGroup",
    "pk": 58,
    "fields": {
      "AccountGroupID": 57,
      "AccountGroupName": "Interest Given",
      "GroupCode": "GP58",
      "AccountGroupUnder": 43,
      "Notes": "Default Group",
      "CreatedUserID": 1,
      "CreatedDate": "2020-06-01",
      "UpdatedDate": "2020-06-01",
      "IsActive": 1,
      "IsDefault": 1,
      "Action": "A"
    }
  },
  {
    "model": "brands.AccountGroup",
    "pk": 59,
    "fields": {
      "AccountGroupID": 58,
      "AccountGroupName": "Miscellaneous Expenses",
      "GroupCode": "GP59",
      "AccountGroupUnder": 43,
      "Notes": "Default Group",
      "CreatedUserID": 1,
      "CreatedDate": "2020-06-01",
      "UpdatedDate": "2020-06-01",
      "IsActive": 1,
      "IsDefault": 1,
      "Action": "A"
    }
  },
  {
    "model": "brands.AccountGroup",
    "pk": 60,
    "fields": {
      "AccountGroupID": 59,
      "AccountGroupName": "Other Expenses",
      "GroupCode": "GP60",
      "AccountGroupUnder": 43,
      "Notes": "Default Group",
      "CreatedUserID": 1,
      "CreatedDate": "2020-06-01",
      "UpdatedDate": "2020-06-01",
      "IsActive": 1,
      "IsDefault": 1,
      "Action": "A"
    }
  },
  {
    "model": "brands.AccountGroup",
    "pk": 61,
    "fields": {
      "AccountGroupID": 60,
      "AccountGroupName": "Rent",
      "GroupCode": "GP61",
      "AccountGroupUnder": 43,
      "Notes": "Default Group",
      "CreatedUserID": 1,
      "CreatedDate": "2020-06-01",
      "UpdatedDate": "2020-06-01",
      "IsActive": 1,
      "IsDefault": 1,
      "Action": "A"
    }
  },
  {
    "model": "brands.AccountGroup",
    "pk": 62,
    "fields": {
      "AccountGroupID": 61,
      "AccountGroupName": "Salaries & Incentives",
      "GroupCode": "GP62",
      "AccountGroupUnder": 43,
      "Notes": "Default Group",
      "CreatedUserID": 1,
      "CreatedDate": "2020-06-01",
      "UpdatedDate": "2020-06-01",
      "IsActive": 1,
      "IsDefault": 1,
      "Action": "A"
    }
  },
  {
    "model": "brands.AccountGroup",
    "pk": 63,
    "fields": {
      "AccountGroupID": 62,
      "AccountGroupName": "Service  Purchase",
      "GroupCode": "GP63",
      "AccountGroupUnder": 43,
      "Notes": "Default Group",
      "CreatedUserID": 1,
      "CreatedDate": "2020-06-01",
      "UpdatedDate": "2020-06-01",
      "IsActive": 1,
      "IsDefault": 1,
      "Action": "A"
    }
  },
  {
    "model": "brands.AccountGroup",
    "pk": 64,
    "fields": {
      "AccountGroupID": 63,
      "AccountGroupName": "Staff Welfare",
      "GroupCode": "GP64",
      "AccountGroupUnder": 43,
      "Notes": "Default Group",
      "CreatedUserID": 1,
      "CreatedDate": "2020-06-01",
      "UpdatedDate": "2020-06-01",
      "IsActive": 1,
      "IsDefault": 1,
      "Action": "A"
    }
  },
  {
    "model": "brands.AccountGroup",
    "pk": 65,
    "fields": {
      "AccountGroupID": 64,
      "AccountGroupName": "Office Expenses",
      "GroupCode": "GP65",
      "AccountGroupUnder": 50,
      "Notes": "Default Group",
      "CreatedUserID": 1,
      "CreatedDate": "2020-06-01",
      "UpdatedDate": "2020-06-01",
      "IsActive": 1,
      "IsDefault": 1,
      "Action": "A"
    }
  },
  {
    "model": "brands.AccountGroup",
    "pk": 66,
    "fields": {
      "AccountGroupID": 65,
      "AccountGroupName": "Postage & Telegrams",
      "GroupCode": "GP66",
      "AccountGroupUnder": 50,
      "Notes": "Default Group",
      "CreatedUserID": 1,
      "CreatedDate": "2020-06-01",
      "UpdatedDate": "2020-06-01",
      "IsActive": 1,
      "IsDefault": 1,
      "Action": "A"
    }
  },
  {
    "model": "brands.AccountGroup",
    "pk": 67,
    "fields": {
      "AccountGroupID": 66,
      "AccountGroupName": "Printing & Stationeries",
      "GroupCode": "GP67",
      "AccountGroupUnder": 50,
      "Notes": "Default Group",
      "CreatedUserID": 1,
      "CreatedDate": "2020-06-01",
      "UpdatedDate": "2020-06-01",
      "IsActive": 1,
      "IsDefault": 1,
      "Action": "A"
    }
  },
  {
    "model": "brands.AccountGroup",
    "pk": 68,
    "fields": {
      "AccountGroupID": 67,
      "AccountGroupName": "Marketing Expenses",
      "GroupCode": "GP68",
      "AccountGroupUnder": 59,
      "Notes": "Default Group",
      "CreatedUserID": 1,
      "CreatedDate": "2020-06-01",
      "UpdatedDate": "2020-06-01",
      "IsActive": 1,
      "IsDefault": 1,
      "Action": "A"
    }
  },
  {
    "model": "brands.AccountGroup",
    "pk": 69,
    "fields": {
      "AccountGroupID": 68,
      "AccountGroupName": "Incentives",
      "GroupCode": "GP69",
      "AccountGroupUnder": 61,
      "Notes": "Default Group",
      "CreatedUserID": 1,
      "CreatedDate": "2020-06-01",
      "UpdatedDate": "2020-06-01",
      "IsActive": 1,
      "IsDefault": 1,
      "Action": "A"
    }
  },
  {
    "model": "brands.AccountGroup",
    "pk": 70,
    "fields": {
      "AccountGroupID": 69,
      "AccountGroupName": "Salaries",
      "GroupCode": "GP70",
      "AccountGroupUnder": 61,
      "Notes": "Default Group",
      "CreatedUserID": 1,
      "CreatedDate": "2020-06-01",
      "UpdatedDate": "2020-06-01",
      "IsActive": 1,
      "IsDefault": 1,
      "Action": "A"
    }
  },
  {
    "model": "brands.AccountGroup",
    "pk": 71,
    "fields": {
      "AccountGroupID": 70,
      "AccountGroupName": "Direct Income",
      "GroupCode": "GP71",
      "AccountGroupUnder": 41,
      "Notes": "Default Group",
      "CreatedUserID": 1,
      "CreatedDate": "2020-06-01",
      "UpdatedDate": "2020-06-01",
      "IsActive": 1,
      "IsDefault": 1,
      "Action": "A"
    }
  },
  {
    "model": "brands.AccountGroup",
    "pk": 72,
    "fields": {
      "AccountGroupID": 71,
      "AccountGroupName": "Indirect Income",
      "GroupCode": "GP72",
      "AccountGroupUnder": 41,
      "Notes": "Default Group",
      "CreatedUserID": 1,
      "CreatedDate": "2020-06-01",
      "UpdatedDate": "2020-06-01",
      "IsActive": 1,
      "IsDefault": 1,
      "Action": "A"
    }
  },
  {
    "model": "brands.AccountGroup",
    "pk": 73,
    "fields": {
      "AccountGroupID": 72,
      "AccountGroupName": "Carriage Outward",
      "GroupCode": "GP73",
      "AccountGroupUnder": 43,
      "Notes": "Default Group",
      "CreatedUserID": 1,
      "CreatedDate": "2020-06-01",
      "UpdatedDate": "2020-06-01",
      "IsActive": 1,
      "IsDefault": 1,
      "Action": "A"
    }
  },
  {
    "model": "brands.AccountGroup",
    "pk": 74,
    "fields": {
      "AccountGroupID": 73,
      "AccountGroupName": "Discount Received",
      "GroupCode": "GP74",
      "AccountGroupUnder": 70,
      "Notes": "Default Group",
      "CreatedUserID": 1,
      "CreatedDate": "2020-06-01",
      "UpdatedDate": "2020-06-01",
      "IsActive": 1,
      "IsDefault": 1,
      "Action": "A"
    }
  },
  {
    "model": "brands.AccountGroup",
    "pk": 75,
    "fields": {
      "AccountGroupID": 74,
      "AccountGroupName": "Sales",
      "GroupCode": "GP75",
      "AccountGroupUnder": 70,
      "Notes": "Default Group",
      "CreatedUserID": 1,
      "CreatedDate": "2020-06-01",
      "UpdatedDate": "2020-06-01",
      "IsActive": 1,
      "IsDefault": 1,
      "Action": "A"
    }
  },
  {
    "model": "brands.AccountGroup",
    "pk": 76,
    "fields": {
      "AccountGroupID": 75,
      "AccountGroupName": "Interest Received",
      "GroupCode": "GP76",
      "AccountGroupUnder": 71,
      "Notes": "Default Group",
      "CreatedUserID": 1,
      "CreatedDate": "2020-06-01",
      "UpdatedDate": "2020-06-01",
      "IsActive": 1,
      "IsDefault": 1,
      "Action": "A"
    }
  },
  {
    "model": "brands.AccountGroup",
    "pk": 77,
    "fields": {
      "AccountGroupID": 76,
      "AccountGroupName": "Other Income",
      "GroupCode": "GP77",
      "AccountGroupUnder": 71,
      "Notes": "Default Group",
      "CreatedUserID": 1,
      "CreatedDate": "2020-06-01",
      "UpdatedDate": "2020-06-01",
      "IsActive": 1,
      "IsDefault": 1,
      "Action": "A"
    }
  },
  {
    "model": "brands.AccountGroup",
    "pk": 78,
    "fields": {
      "AccountGroupID": 77,
      "AccountGroupName": "Service Sales",
      "GroupCode": "GP78",
      "AccountGroupUnder": 71,
      "Notes": "Default Group",
      "CreatedUserID": 1,
      "CreatedDate": "2020-06-01",
      "UpdatedDate": "2020-06-01",
      "IsActive": 1,
      "IsDefault": 1,
      "Action": "A"
    }
  },
  {
    "model": "brands.AccountGroup",
    "pk": 79,
    "fields": {
      "AccountGroupID": 78,
      "AccountGroupName": "VAT Receivable",
      "GroupCode": "GP79",
      "AccountGroupUnder": 11,
      "Notes": "Default Group",
      "CreatedUserID": 1,
      "CreatedDate": "2020-06-01",
      "UpdatedDate": "2020-06-01",
      "IsActive": 1,
      "IsDefault": 1,
      "Action": "A"
    }
  },
  {
    "model": "brands.AccountGroup",
    "pk": 80,
    "fields": {
      "AccountGroupID": 79,
      "AccountGroupName": "VAT Payable",
      "GroupCode": "GP80",
      "AccountGroupUnder": 30,
      "Notes": "Default Group",
      "CreatedUserID": 1,
      "CreatedDate": "2020-06-01",
      "UpdatedDate": "2020-06-01",
      "IsActive": 1,
      "IsDefault": 1,
      "Action": "A"
    }
  },
  {
    "model": "brands.AccountGroup",
    "pk": 81,
    "fields": {
      "AccountGroupID": 80,
      "AccountGroupName": "Tax1 Receivable",
      "GroupCode": "GP81",
      "AccountGroupUnder": 11,
      "Notes": "Default Group",
      "CreatedUserID": 1,
      "CreatedDate": "2020-06-01",
      "UpdatedDate": "2020-06-01",
      "IsActive": 1,
      "IsDefault": 1,
      "Action": "A"
    }
  },
  {
    "model": "brands.AccountGroup",
    "pk": 82,
    "fields": {
      "AccountGroupID": 81,
      "AccountGroupName": "Tax1 Payable",
      "GroupCode": "GP82",
      "AccountGroupUnder": 30,
      "Notes": "Default Group",
      "CreatedUserID": 1,
      "CreatedDate": "2020-06-01",
      "UpdatedDate": "2020-06-01",
      "IsActive": 1,
      "IsDefault": 1,
      "Action": "A"
    }
  },
  {
    "model": "brands.AccountGroup",
    "pk": 83,
    "fields": {
      "AccountGroupID": 82,
      "AccountGroupName": "Tax2 Receivable",
      "GroupCode": "GP83",
      "AccountGroupUnder": 11,
      "Notes": "Default Group",
      "CreatedUserID": 1,
      "CreatedDate": "2020-06-01",
      "UpdatedDate": "2020-06-01",
      "IsActive": 1,
      "IsDefault": 1,
      "Action": "A"
    }
  },
  {
    "model": "brands.AccountGroup",
    "pk": 84,
    "fields": {
      "AccountGroupID": 83,
      "AccountGroupName": "Tax2 Payable",
      "GroupCode": "GP84",
      "AccountGroupUnder": 30,
      "Notes": "Default Group",
      "CreatedUserID": 1,
      "CreatedDate": "2020-06-01",
      "UpdatedDate": "2020-06-01",
      "IsActive": 1,
      "IsDefault": 1,
      "Action": "A"
    }
  },
  {
    "model": "brands.AccountGroup",
    "pk": 85,
    "fields": {
      "AccountGroupID": 84,
      "AccountGroupName": "Tax3 Receivable",
      "GroupCode": "GP85",
      "AccountGroupUnder": 11,
      "Notes": "Default Group",
      "CreatedUserID": 1,
      "CreatedDate": "2020-06-01",
      "UpdatedDate": "2020-06-01",
      "IsActive": 1,
      "IsDefault": 1,
      "Action": "A"
    }
  },
  {
    "model": "brands.AccountGroup",
    "pk": 86,
    "fields": {
      "AccountGroupID": 85,
      "AccountGroupName": "Tax3 Payable",
      "GroupCode": "GP86",
      "AccountGroupUnder": 30,
      "Notes": "Default Group",
      "CreatedUserID": 1,
      "CreatedDate": "2020-06-01",
      "UpdatedDate": "2020-06-01",
      "IsActive": 1,
      "IsDefault": 1,
      "Action": "A"
    }
  },
  {
    "model": "brands.AccountGroup",
    "pk": 87,
    "fields": {
      "AccountGroupID": 86,
      "AccountGroupName": "Excise Duty Receivable",
      "GroupCode": "GP87",
      "AccountGroupUnder": 11,
      "Notes": "Default Group",
      "CreatedUserID": 1,
      "CreatedDate": "2020-06-01",
      "UpdatedDate": "2020-06-01",
      "IsActive": 1,
      "IsDefault": 1,
      "Action": "A"
    }
  },
  {
    "model": "brands.AccountGroup",
    "pk": 88,
    "fields": {
      "AccountGroupID": 87,
      "AccountGroupName": "Excise Duty Payable",
      "GroupCode": "GP88",
      "AccountGroupUnder": 30,
      "Notes": "Default Group",
      "CreatedUserID": 1,
      "CreatedDate": "2020-06-01",
      "UpdatedDate": "2020-06-01",
      "IsActive": 1,
      "IsDefault": 1,
      "Action": "A"
    }
  },
  {
    "model": "brands.AccountGroup",
    "pk": 89,
    "fields": {
      "AccountGroupID": 88,
      "AccountGroupName": "Investments",
      "GroupCode": "GP89",
      "AccountGroupUnder": 3,
      "Notes": "Default Group",
      "CreatedUserID": 1,
      "CreatedDate": "2020-06-01",
      "UpdatedDate": "2020-06-01",
      "IsActive": 1,
      "IsDefault": 1,
      "Action": "A"
    }
  },
  {
    "model": "brands.AccountGroup",
    "pk": 90,
    "fields": {
      "AccountGroupID": 89,
      "AccountGroupName": "Additional Tax Payable",
      "GroupCode": "GP90",
      "AccountGroupUnder": 30,
      "Notes": "Default Group",
      "CreatedUserID": 1,
      "CreatedDate": "2020-06-01",
      "UpdatedDate": "2020-06-01",
      "IsActive": 1,
      "IsDefault": 1,
      "Action": "A"
    }
  },
  {
    "model": "brands.AccountGroup",
    "pk": 91,
    "fields": {
      "AccountGroupID": 90,
      "AccountGroupName": "Wages",
      "GroupCode": "GP91",
      "AccountGroupUnder": 42,
      "Notes": "Default Group",
      "CreatedUserID": 1,
      "CreatedDate": "2020-06-01",
      "UpdatedDate": "2020-06-01",
      "IsActive": 1,
      "IsDefault": 1,
      "Action": "A"
    }
  },
  {
    "model": "brands.AccountGroup",
    "pk": 92,
    "fields": {
      "AccountGroupID": 91,
      "AccountGroupName": "Bank Charge",
      "GroupCode": "GP92",
      "AccountGroupUnder": 53,
      "Notes": "Default Group",
      "CreatedUserID": 1,
      "CreatedDate": "2020-06-01",
      "UpdatedDate": "2020-06-01",
      "IsActive": 1,
      "IsDefault": 1,
      "Action": "A"
    }
  },
  {
    "model": "brands.AccountGroup",
    "pk": 93,
    "fields": {
      "AccountGroupID": 92,
      "AccountGroupName": "Salesman Commission",
      "GroupCode": "GP93",
      "AccountGroupUnder": 53,
      "Notes": "Default Group",
      "CreatedUserID": 1,
      "CreatedDate": "2020-06-01",
      "UpdatedDate": "2020-06-01",
      "IsActive": 1,
      "IsDefault": 1,
      "Action": "A"
    }
  },
  {
    "model": "brands.AccountGroup",
    "pk": 94,
    "fields": {
      "AccountGroupID": 93,
      "AccountGroupName": "Commission Receive",
      "GroupCode": "GP94",
      "AccountGroupUnder": 71,
      "Notes": "Default Group",
      "CreatedUserID": 1,
      "CreatedDate": "2020-06-01",
      "UpdatedDate": "2020-06-01",
      "IsActive": 1,
      "IsDefault": 1,
      "Action": "A"
    }
  },
  {
    "model": "brands.AccountGroup",
    "pk": 95,
    "fields": {
      "AccountGroupID": 94,
      "AccountGroupName": "Additional tax  Receivable",
      "GroupCode": "GP95",
      "AccountGroupUnder": 11,
      "Notes": "Default Group",
      "CreatedUserID": 1,
      "CreatedDate": "2020-06-01",
      "UpdatedDate": "2020-06-01",
      "IsActive": 1,
      "IsDefault": 1,
      "Action": "A"
    }
  },
  {
    "model": "brands.AccountGroup_Log",
    "pk": 1,
    "fields": {
      "TransactionID": 0,
      "AccountGroupName": "Account",
      "GroupCode": "GP1",
      "AccountGroupUnder": 0,
      "Notes": "Default Group",
      "CreatedUserID": 1,
      "CreatedDate": "2020-06-01",
      "UpdatedDate": "2020-06-01",
      "IsActive": 1,
      "IsDefault": 1,
      "Action": "A"
    }
  },
  {
    "model": "brands.AccountGroup_Log",
    "pk": 2,
    "fields": {
      "TransactionID": 1,
      "AccountGroupName": "Balance Sheet",
      "GroupCode": "GP2",
      "AccountGroupUnder": 0,
      "Notes": "Default Group",
      "CreatedUserID": 1,
      "CreatedDate": "2020-06-01",
      "UpdatedDate": "2020-06-01",
      "IsActive": 1,
      "IsDefault": 1,
      "Action": "A"
    }
  },
  {
    "model": "brands.AccountGroup_Log",
    "pk": 3,
    "fields": {
      "TransactionID": 2,
      "AccountGroupName": "Profit & Loss Account",
      "GroupCode": "GP3",
      "AccountGroupUnder": 0,
      "Notes": "Default Group",
      "CreatedUserID": 1,
      "CreatedDate": "2020-06-01",
      "UpdatedDate": "2020-06-01",
      "IsActive": 1,
      "IsDefault": 1,
      "Action": "A"
    }
  },
  {
    "model": "brands.AccountGroup_Log",
    "pk": 4,
    "fields": {
      "TransactionID": 3,
      "AccountGroupName": "Assets",
      "GroupCode": "GP4",
      "AccountGroupUnder": 1,
      "Notes": "Default Group",
      "CreatedUserID": 1,
      "CreatedDate": "2020-06-01",
      "UpdatedDate": "2020-06-01",
      "IsActive": 1,
      "IsDefault": 1,
      "Action": "A"
    }
  },
  {
    "model": "brands.AccountGroup_Log",
    "pk": 5,
    "fields": {
      "TransactionID": 4,
      "AccountGroupName": "Liabilitis",
      "GroupCode": "GP5",
      "AccountGroupUnder": 1,
      "Notes": "Default Group",
      "CreatedUserID": 1,
      "CreatedDate": "2020-06-01",
      "UpdatedDate": "2020-06-01",
      "IsActive": 1,
      "IsDefault": 1,
      "Action": "A"
    }
  },
  {
    "model": "brands.AccountGroup_Log",
    "pk": 6,
    "fields": {
      "TransactionID": 5,
      "AccountGroupName": "Current Assets",
      "GroupCode": "GP6",
      "AccountGroupUnder": 3,
      "Notes": "Default Group",
      "CreatedUserID": 1,
      "CreatedDate": "2020-06-01",
      "UpdatedDate": "2020-06-01",
      "IsActive": 1,
      "IsDefault": 1,
      "Action": "A"
    }
  },
  {
    "model": "brands.AccountGroup_Log",
    "pk": 7,
    "fields": {
      "TransactionID": 6,
      "AccountGroupName": "Fixed Assets",
      "GroupCode": "GP7",
      "AccountGroupUnder": 3,
      "Notes": "Default Group",
      "CreatedUserID": 1,
      "CreatedDate": "2020-06-01",
      "UpdatedDate": "2020-06-01",
      "IsActive": 1,
      "IsDefault": 1,
      "Action": "A"
    }
  },
  {
    "model": "brands.AccountGroup_Log",
    "pk": 8,
    "fields": {
      "TransactionID": 7,
      "AccountGroupName": "Miscellaneous Assets",
      "GroupCode": "GP8",
      "AccountGroupUnder": 3,
      "Notes": "Default Group",
      "CreatedUserID": 1,
      "CreatedDate": "2020-06-01",
      "UpdatedDate": "2020-06-01",
      "IsActive": 1,
      "IsDefault": 1,
      "Action": "A"
    }
  },
  {
    "model": "brands.AccountGroup_Log",
    "pk": 9,
    "fields": {
      "TransactionID": 8,
      "AccountGroupName": "Banks",
      "GroupCode": "GP9",
      "AccountGroupUnder": 5,
      "Notes": "Default Group",
      "CreatedUserID": 1,
      "CreatedDate": "2020-06-01",
      "UpdatedDate": "2020-06-01",
      "IsActive": 1,
      "IsDefault": 1,
      "Action": "A"
    }
  },
  {
    "model": "brands.AccountGroup_Log",
    "pk": 10,
    "fields": {
      "TransactionID": 9,
      "AccountGroupName": "Cash in Hand",
      "GroupCode": "GP10",
      "AccountGroupUnder": 5,
      "Notes": "Default Group",
      "CreatedUserID": 1,
      "CreatedDate": "2020-06-01",
      "UpdatedDate": "2020-06-01",
      "IsActive": 1,
      "IsDefault": 1,
      "Action": "A"
    }
  },
  {
    "model": "brands.AccountGroup_Log",
    "pk": 11,
    "fields": {
      "TransactionID": 10,
      "AccountGroupName": "Sundry Debtors",
      "GroupCode": "GP11",
      "AccountGroupUnder": 5,
      "Notes": "Default Group",
      "CreatedUserID": 1,
      "CreatedDate": "2020-06-01",
      "UpdatedDate": "2020-06-01",
      "IsActive": 1,
      "IsDefault": 1,
      "Action": "A"
    }
  },
  {
    "model": "brands.AccountGroup_Log",
    "pk": 12,
    "fields": {
      "TransactionID": 11,
      "AccountGroupName": "Duties & Taxes Receivable",
      "GroupCode": "GP12",
      "AccountGroupUnder": 5,
      "Notes": "Default Group",
      "CreatedUserID": 1,
      "CreatedDate": "2020-06-01",
      "UpdatedDate": "2020-06-01",
      "IsActive": 1,
      "IsDefault": 1,
      "Action": "A"
    }
  },
  {
    "model": "brands.AccountGroup_Log",
    "pk": 13,
    "fields": {
      "TransactionID": 12,
      "AccountGroupName": "Insurance",
      "GroupCode": "GP13",
      "AccountGroupUnder": 5,
      "Notes": "Default Group",
      "CreatedUserID": 1,
      "CreatedDate": "2020-06-01",
      "UpdatedDate": "2020-06-01",
      "IsActive": 1,
      "IsDefault": 1,
      "Action": "A"
    }
  },
  {
    "model": "brands.AccountGroup_Log",
    "pk": 14,
    "fields": {
      "TransactionID": 13,
      "AccountGroupName": "Inventory",
      "GroupCode": "GP14",
      "AccountGroupUnder": 5,
      "Notes": "Default Group",
      "CreatedUserID": 1,
      "CreatedDate": "2020-06-01",
      "UpdatedDate": "2020-06-01",
      "IsActive": 1,
      "IsDefault": 1,
      "Action": "A"
    }
  },
  {
    "model": "brands.AccountGroup_Log",
    "pk": 15,
    "fields": {
      "TransactionID": 14,
      "AccountGroupName": "Loans & Advances",
      "GroupCode": "GP15",
      "AccountGroupUnder": 5,
      "Notes": "Default Group",
      "CreatedUserID": 1,
      "CreatedDate": "2020-06-01",
      "UpdatedDate": "2020-06-01",
      "IsActive": 1,
      "IsDefault": 1,
      "Action": "A"
    }
  },
  {
    "model": "brands.AccountGroup_Log",
    "pk": 16,
    "fields": {
      "TransactionID": 15,
      "AccountGroupName": "Uncleared Receipts",
      "GroupCode": "GP16",
      "AccountGroupUnder": 5,
      "Notes": "Default Group",
      "CreatedUserID": 1,
      "CreatedDate": "2020-06-01",
      "UpdatedDate": "2020-06-01",
      "IsActive": 1,
      "IsDefault": 1,
      "Action": "A"
    }
  },
  {
    "model": "brands.AccountGroup_Log",
    "pk": 17,
    "fields": {
      "TransactionID": 16,
      "AccountGroupName": "Closing Stock",
      "GroupCode": "GP17",
      "AccountGroupUnder": 13,
      "Notes": "Default Group",
      "CreatedUserID": 1,
      "CreatedDate": "2020-06-01",
      "UpdatedDate": "2020-06-01",
      "IsActive": 1,
      "IsDefault": 1,
      "Action": "A"
    }
  },
  {
    "model": "brands.AccountGroup_Log",
    "pk": 18,
    "fields": {
      "TransactionID": 17,
      "AccountGroupName": "Advances",
      "GroupCode": "GP18",
      "AccountGroupUnder": 14,
      "Notes": "Default Group",
      "CreatedUserID": 1,
      "CreatedDate": "2020-06-01",
      "UpdatedDate": "2020-06-01",
      "IsActive": 1,
      "IsDefault": 1,
      "Action": "A"
    }
  },
  {
    "model": "brands.AccountGroup_Log",
    "pk": 19,
    "fields": {
      "TransactionID": 18,
      "AccountGroupName": "Deposits",
      "GroupCode": "GP19",
      "AccountGroupUnder": 14,
      "Notes": "Default Group",
      "CreatedUserID": 1,
      "CreatedDate": "2020-06-01",
      "UpdatedDate": "2020-06-01",
      "IsActive": 1,
      "IsDefault": 1,
      "Action": "A"
    }
  },
  {
    "model": "brands.AccountGroup_Log",
    "pk": 20,
    "fields": {
      "TransactionID": 19,
      "AccountGroupName": "Loans Given",
      "GroupCode": "GP20",
      "AccountGroupUnder": 14,
      "Notes": "Default Group",
      "CreatedUserID": 1,
      "CreatedDate": "2020-06-01",
      "UpdatedDate": "2020-06-01",
      "IsActive": 1,
      "IsDefault": 1,
      "Action": "A"
    }
  },
  {
    "model": "brands.AccountGroup_Log",
    "pk": 21,
    "fields": {
      "TransactionID": 20,
      "AccountGroupName": "Immovable Assets",
      "GroupCode": "GP21",
      "AccountGroupUnder": 6,
      "Notes": "Default Group",
      "CreatedUserID": 1,
      "CreatedDate": "2020-06-01",
      "UpdatedDate": "2020-06-01",
      "IsActive": 1,
      "IsDefault": 1,
      "Action": "A"
    }
  },
  {
    "model": "brands.AccountGroup_Log",
    "pk": 22,
    "fields": {
      "TransactionID": 21,
      "AccountGroupName": "Movable Assets",
      "GroupCode": "GP22",
      "AccountGroupUnder": 6,
      "Notes": "Default Group",
      "CreatedUserID": 1,
      "CreatedDate": "2020-06-01",
      "UpdatedDate": "2020-06-01",
      "IsActive": 1,
      "IsDefault": 1,
      "Action": "A"
    }
  },
  {
    "model": "brands.AccountGroup_Log",
    "pk": 23,
    "fields": {
      "TransactionID": 22,
      "AccountGroupName": "GST Receivable",
      "GroupCode": "GP23",
      "AccountGroupUnder": 11,
      "Notes": "Default Group",
      "CreatedUserID": 1,
      "CreatedDate": "2020-06-01",
      "UpdatedDate": "2020-06-01",
      "IsActive": 1,
      "IsDefault": 1,
      "Action": "A"
    }
  },
  {
    "model": "brands.AccountGroup_Log",
    "pk": 24,
    "fields": {
      "TransactionID": 23,
      "AccountGroupName": "Current Liabilitis & Provisions",
      "GroupCode": "GP24",
      "AccountGroupUnder": 4,
      "Notes": "Default Group",
      "CreatedUserID": 1,
      "CreatedDate": "2020-06-01",
      "UpdatedDate": "2020-06-01",
      "IsActive": 1,
      "IsDefault": 1,
      "Action": "A"
    }
  },
  {
    "model": "brands.AccountGroup_Log",
    "pk": 25,
    "fields": {
      "TransactionID": 24,
      "AccountGroupName": "Loan Funds",
      "GroupCode": "GP25",
      "AccountGroupUnder": 4,
      "Notes": "Default Group",
      "CreatedUserID": 1,
      "CreatedDate": "2020-06-01",
      "UpdatedDate": "2020-06-01",
      "IsActive": 1,
      "IsDefault": 1,
      "Action": "A"
    }
  },
  {
    "model": "brands.AccountGroup_Log",
    "pk": 26,
    "fields": {
      "TransactionID": 25,
      "AccountGroupName": "Owners Funds",
      "GroupCode": "GP26",
      "AccountGroupUnder": 4,
      "Notes": "Default Group",
      "CreatedUserID": 1,
      "CreatedDate": "2020-06-01",
      "UpdatedDate": "2020-06-01",
      "IsActive": 1,
      "IsDefault": 1,
      "Action": "A"
    }
  },
  {
    "model": "brands.AccountGroup_Log",
    "pk": 27,
    "fields": {
      "TransactionID": 26,
      "AccountGroupName": "Suspense Accounts",
      "GroupCode": "GP27",
      "AccountGroupUnder": 4,
      "Notes": "Default Group",
      "CreatedUserID": 1,
      "CreatedDate": "2020-06-01",
      "UpdatedDate": "2020-06-01",
      "IsActive": 1,
      "IsDefault": 1,
      "Action": "A"
    }
  },
  {
    "model": "brands.AccountGroup_Log",
    "pk": 29,
    "fields": {
      "TransactionID": 28,
      "AccountGroupName": "Bank Overdraft",
      "GroupCode": "GP29",
      "AccountGroupUnder": 23,
      "Notes": "Default Group",
      "CreatedUserID": 1,
      "CreatedDate": "2020-06-01",
      "UpdatedDate": "2020-06-01",
      "IsActive": 1,
      "IsDefault": 1,
      "Action": "A"
    }
  },
  {
    "model": "brands.AccountGroup_Log",
    "pk": 30,
    "fields": {
      "TransactionID": 29,
      "AccountGroupName": "Sundry Creditors",
      "GroupCode": "GP30",
      "AccountGroupUnder": 23,
      "Notes": "Default Group",
      "CreatedUserID": 1,
      "CreatedDate": "2020-06-01",
      "UpdatedDate": "2020-06-01",
      "IsActive": 1,
      "IsDefault": 1,
      "Action": "A"
    }
  },
  {
    "model": "brands.AccountGroup_Log",
    "pk": 31,
    "fields": {
      "TransactionID": 30,
      "AccountGroupName": "Duties & Taxes Payable",
      "GroupCode": "GP31",
      "AccountGroupUnder": 23,
      "Notes": "Default Group",
      "CreatedUserID": 1,
      "CreatedDate": "2020-06-01",
      "UpdatedDate": "2020-06-01",
      "IsActive": 1,
      "IsDefault": 1,
      "Action": "A"
    }
  },
  {
    "model": "brands.AccountGroup_Log",
    "pk": 32,
    "fields": {
      "TransactionID": 31,
      "AccountGroupName": "Provisions for Expense",
      "GroupCode": "GP32",
      "AccountGroupUnder": 23,
      "Notes": "Default Group",
      "CreatedUserID": 1,
      "CreatedDate": "2020-06-01",
      "UpdatedDate": "2020-06-01",
      "IsActive": 1,
      "IsDefault": 1,
      "Action": "A"
    }
  },
  {
    "model": "brands.AccountGroup_Log",
    "pk": 33,
    "fields": {
      "TransactionID": 32,
      "AccountGroupName": "Salary Payable",
      "GroupCode": "GP33",
      "AccountGroupUnder": 23,
      "Notes": "Default Group",
      "CreatedUserID": 1,
      "CreatedDate": "2020-06-01",
      "UpdatedDate": "2020-06-01",
      "IsActive": 1,
      "IsDefault": 1,
      "Action": "A"
    }
  },
  {
    "model": "brands.AccountGroup_Log",
    "pk": 34,
    "fields": {
      "TransactionID": 33,
      "AccountGroupName": "GST Payable",
      "GroupCode": "GP34",
      "AccountGroupUnder": 30,
      "Notes": "Default Group",
      "CreatedUserID": 1,
      "CreatedDate": "2020-06-01",
      "UpdatedDate": "2020-06-01",
      "IsActive": 1,
      "IsDefault": 1,
      "Action": "A"
    }
  },
  {
    "model": "brands.AccountGroup_Log",
    "pk": 35,
    "fields": {
      "TransactionID": 34,
      "AccountGroupName": "Secured Loans",
      "GroupCode": "GP35",
      "AccountGroupUnder": 24,
      "Notes": "Default Group",
      "CreatedUserID": 1,
      "CreatedDate": "2020-06-01",
      "UpdatedDate": "2020-06-01",
      "IsActive": 1,
      "IsDefault": 1,
      "Action": "A"
    }
  },
  {
    "model": "brands.AccountGroup_Log",
    "pk": 36,
    "fields": {
      "TransactionID": 35,
      "AccountGroupName": "Unsecured Lons",
      "GroupCode": "GP36",
      "AccountGroupUnder": 24,
      "Notes": "Default Group",
      "CreatedUserID": 1,
      "CreatedDate": "2020-06-01",
      "UpdatedDate": "2020-06-01",
      "IsActive": 1,
      "IsDefault": 1,
      "Action": "A"
    }
  },
  {
    "model": "brands.AccountGroup_Log",
    "pk": 37,
    "fields": {
      "TransactionID": 36,
      "AccountGroupName": "Loans from Partners",
      "GroupCode": "GP37",
      "AccountGroupUnder": 35,
      "Notes": "Default Group",
      "CreatedUserID": 1,
      "CreatedDate": "2020-06-01",
      "UpdatedDate": "2020-06-01",
      "IsActive": 1,
      "IsDefault": 1,
      "Action": "A"
    }
  },
  {
    "model": "brands.AccountGroup_Log",
    "pk": 38,
    "fields": {
      "TransactionID": 37,
      "AccountGroupName": "Capital",
      "GroupCode": "GP38",
      "AccountGroupUnder": 25,
      "Notes": "Default Group",
      "CreatedUserID": 1,
      "CreatedDate": "2020-06-01",
      "UpdatedDate": "2020-06-01",
      "IsActive": 1,
      "IsDefault": 1,
      "Action": "A"
    }
  },
  {
    "model": "brands.AccountGroup_Log",
    "pk": 39,
    "fields": {
      "TransactionID": 38,
      "AccountGroupName": "Reserves & Surplus",
      "GroupCode": "GP39",
      "AccountGroupUnder": 38,
      "Notes": "Default Group",
      "CreatedUserID": 1,
      "CreatedDate": "2020-06-01",
      "UpdatedDate": "2020-06-01",
      "IsActive": 1,
      "IsDefault": 1,
      "Action": "A"
    }
  },
  {
    "model": "brands.AccountGroup_Log",
    "pk": 40,
    "fields": {
      "TransactionID": 39,
      "AccountGroupName": "Profit/Loss for Previous year",
      "GroupCode": "GP40",
      "AccountGroupUnder": 2,
      "Notes": "Default Group",
      "CreatedUserID": 1,
      "CreatedDate": "2020-06-01",
      "UpdatedDate": "2020-06-01",
      "IsActive": 1,
      "IsDefault": 1,
      "Action": "A"
    }
  },
  {
    "model": "brands.AccountGroup_Log",
    "pk": 41,
    "fields": {
      "TransactionID": 40,
      "AccountGroupName": "Expenses",
      "GroupCode": "GP41",
      "AccountGroupUnder": 2,
      "Notes": "Default Group",
      "CreatedUserID": 1,
      "CreatedDate": "2020-06-01",
      "UpdatedDate": "2020-06-01",
      "IsActive": 1,
      "IsDefault": 1,
      "Action": "A"
    }
  },
  {
    "model": "brands.AccountGroup_Log",
    "pk": 42,
    "fields": {
      "TransactionID": 41,
      "AccountGroupName": "Income",
      "GroupCode": "GP42",
      "AccountGroupUnder": 40,
      "Notes": "Default Group",
      "CreatedUserID": 1,
      "CreatedDate": "2020-06-01",
      "UpdatedDate": "2020-06-01",
      "IsActive": 1,
      "IsDefault": 1,
      "Action": "A"
    }
  },
  {
    "model": "brands.AccountGroup_Log",
    "pk": 43,
    "fields": {
      "TransactionID": 42,
      "AccountGroupName": "Direct Expenses",
      "GroupCode": "GP43",
      "AccountGroupUnder": 40,
      "Notes": "Default Group",
      "CreatedUserID": 1,
      "CreatedDate": "2020-06-01",
      "UpdatedDate": "2020-06-01",
      "IsActive": 1,
      "IsDefault": 1,
      "Action": "A"
    }
  },
  {
    "model": "brands.AccountGroup_Log",
    "pk": 44,
    "fields": {
      "TransactionID": 43,
      "AccountGroupName": "Indirect Expenses",
      "GroupCode": "GP44",
      "AccountGroupUnder": 42,
      "Notes": "Default Group",
      "CreatedUserID": 1,
      "CreatedDate": "2020-06-01",
      "UpdatedDate": "2020-06-01",
      "IsActive": 1,
      "IsDefault": 1,
      "Action": "A"
    }
  },
  {
    "model": "brands.AccountGroup_Log",
    "pk": 45,
    "fields": {
      "TransactionID": 44,
      "AccountGroupName": "Carriage Inward",
      "GroupCode": "GP45",
      "AccountGroupUnder": 42,
      "Notes": "Default Group",
      "CreatedUserID": 1,
      "CreatedDate": "2020-06-01",
      "UpdatedDate": "2020-06-01",
      "IsActive": 1,
      "IsDefault": 1,
      "Action": "A"
    }
  },
  {
    "model": "brands.AccountGroup_Log",
    "pk": 46,
    "fields": {
      "TransactionID": 45,
      "AccountGroupName": "Opening Stock",
      "GroupCode": "GP46",
      "AccountGroupUnder": 42,
      "Notes": "Default Group",
      "CreatedUserID": 1,
      "CreatedDate": "2020-06-01",
      "UpdatedDate": "2020-06-01",
      "IsActive": 1,
      "IsDefault": 1,
      "Action": "A"
    }
  },
  {
    "model": "brands.AccountGroup_Log",
    "pk": 47,
    "fields": {
      "TransactionID": 46,
      "AccountGroupName": "Product Resources",
      "GroupCode": "GP47",
      "AccountGroupUnder": 42,
      "Notes": "Default Group",
      "CreatedUserID": 1,
      "CreatedDate": "2020-06-01",
      "UpdatedDate": "2020-06-01",
      "IsActive": 1,
      "IsDefault": 1,
      "Action": "A"
    }
  },
  {
    "model": "brands.AccountGroup_Log",
    "pk": 48,
    "fields": {
      "TransactionID": 47,
      "AccountGroupName": "Production Expenses",
      "GroupCode": "GP48",
      "AccountGroupUnder": 42,
      "Notes": "Default Group",
      "CreatedUserID": 1,
      "CreatedDate": "2020-06-01",
      "UpdatedDate": "2020-06-01",
      "IsActive": 1,
      "IsDefault": 1,
      "Action": "A"
    }
  },
  {
    "model": "brands.AccountGroup_Log",
    "pk": 49,
    "fields": {
      "TransactionID": 48,
      "AccountGroupName": "Purchase",
      "GroupCode": "GP49",
      "AccountGroupUnder": 42,
      "Notes": "Default Group",
      "CreatedUserID": 1,
      "CreatedDate": "2020-06-01",
      "UpdatedDate": "2020-06-01",
      "IsActive": 1,
      "IsDefault": 1,
      "Action": "A"
    }
  },
  {
    "model": "brands.AccountGroup_Log",
    "pk": 50,
    "fields": {
      "TransactionID": 49,
      "AccountGroupName": "Freight",
      "GroupCode": "GP50",
      "AccountGroupUnder": 48,
      "Notes": "Default Group",
      "CreatedUserID": 1,
      "CreatedDate": "2020-06-01",
      "UpdatedDate": "2020-06-01",
      "IsActive": 1,
      "IsDefault": 1,
      "Action": "A"
    }
  },
  {
    "model": "brands.AccountGroup_Log",
    "pk": 51,
    "fields": {
      "TransactionID": 50,
      "AccountGroupName": "Administrative Expenses",
      "GroupCode": "GP51",
      "AccountGroupUnder": 43,
      "Notes": "Default Group",
      "CreatedUserID": 1,
      "CreatedDate": "2020-06-01",
      "UpdatedDate": "2020-06-01",
      "IsActive": 1,
      "IsDefault": 1,
      "Action": "A"
    }
  },
  {
    "model": "brands.AccountGroup_Log",
    "pk": 52,
    "fields": {
      "TransactionID": 51,
      "AccountGroupName": "Advertisement",
      "GroupCode": "GP52",
      "AccountGroupUnder": 43,
      "Notes": "Default Group",
      "CreatedUserID": 1,
      "CreatedDate": "2020-06-01",
      "UpdatedDate": "2020-06-01",
      "IsActive": 1,
      "IsDefault": 1,
      "Action": "A"
    }
  },
  {
    "model": "brands.AccountGroup_Log",
    "pk": 53,
    "fields": {
      "TransactionID": 52,
      "AccountGroupName": "Bad Debts",
      "GroupCode": "GP53",
      "AccountGroupUnder": 43,
      "Notes": "Default Group",
      "CreatedUserID": 1,
      "CreatedDate": "2020-06-01",
      "UpdatedDate": "2020-06-01",
      "IsActive": 1,
      "IsDefault": 1,
      "Action": "A"
    }
  },
  {
    "model": "brands.AccountGroup_Log",
    "pk": 54,
    "fields": {
      "TransactionID": 53,
      "AccountGroupName": "Commission Charges",
      "GroupCode": "GP54",
      "AccountGroupUnder": 43,
      "Notes": "Default Group",
      "CreatedUserID": 1,
      "CreatedDate": "2020-06-01",
      "UpdatedDate": "2020-06-01",
      "IsActive": 1,
      "IsDefault": 1,
      "Action": "A"
    }
  },
  {
    "model": "brands.AccountGroup_Log",
    "pk": 55,
    "fields": {
      "TransactionID": 54,
      "AccountGroupName": "Depreciation",
      "GroupCode": "GP55",
      "AccountGroupUnder": 43,
      "Notes": "Default Group",
      "CreatedUserID": 1,
      "CreatedDate": "2020-06-01",
      "UpdatedDate": "2020-06-01",
      "IsActive": 1,
      "IsDefault": 1,
      "Action": "A"
    }
  },
  {
    "model": "brands.AccountGroup_Log",
    "pk": 56,
    "fields": {
      "TransactionID": 55,
      "AccountGroupName": "Discount Given",
      "GroupCode": "GP56",
      "AccountGroupUnder": 43,
      "Notes": "Default Group",
      "CreatedUserID": 1,
      "CreatedDate": "2020-06-01",
      "UpdatedDate": "2020-06-01",
      "IsActive": 1,
      "IsDefault": 1,
      "Action": "A"
    }
  },
  {
    "model": "brands.AccountGroup_Log",
    "pk": 57,
    "fields": {
      "TransactionID": 56,
      "AccountGroupName": "Interest",
      "GroupCode": "GP57",
      "AccountGroupUnder": 43,
      "Notes": "Default Group",
      "CreatedUserID": 1,
      "CreatedDate": "2020-06-01",
      "UpdatedDate": "2020-06-01",
      "IsActive": 1,
      "IsDefault": 1,
      "Action": "A"
    }
  },
  {
    "model": "brands.AccountGroup_Log",
    "pk": 58,
    "fields": {
      "TransactionID": 57,
      "AccountGroupName": "Interest Given",
      "GroupCode": "GP58",
      "AccountGroupUnder": 43,
      "Notes": "Default Group",
      "CreatedUserID": 1,
      "CreatedDate": "2020-06-01",
      "UpdatedDate": "2020-06-01",
      "IsActive": 1,
      "IsDefault": 1,
      "Action": "A"
    }
  },
  {
    "model": "brands.AccountGroup_Log",
    "pk": 59,
    "fields": {
      "TransactionID": 58,
      "AccountGroupName": "Miscellaneous Expenses",
      "GroupCode": "GP59",
      "AccountGroupUnder": 43,
      "Notes": "Default Group",
      "CreatedUserID": 1,
      "CreatedDate": "2020-06-01",
      "UpdatedDate": "2020-06-01",
      "IsActive": 1,
      "IsDefault": 1,
      "Action": "A"
    }
  },
  {
    "model": "brands.AccountGroup_Log",
    "pk": 60,
    "fields": {
      "TransactionID": 59,
      "AccountGroupName": "Other Expenses",
      "GroupCode": "GP60",
      "AccountGroupUnder": 43,
      "Notes": "Default Group",
      "CreatedUserID": 1,
      "CreatedDate": "2020-06-01",
      "UpdatedDate": "2020-06-01",
      "IsActive": 1,
      "IsDefault": 1,
      "Action": "A"
    }
  },
  {
    "model": "brands.AccountGroup_Log",
    "pk": 61,
    "fields": {
      "TransactionID": 60,
      "AccountGroupName": "Rent",
      "GroupCode": "GP61",
      "AccountGroupUnder": 43,
      "Notes": "Default Group",
      "CreatedUserID": 1,
      "CreatedDate": "2020-06-01",
      "UpdatedDate": "2020-06-01",
      "IsActive": 1,
      "IsDefault": 1,
      "Action": "A"
    }
  },
  {
    "model": "brands.AccountGroup_Log",
    "pk": 62,
    "fields": {
      "TransactionID": 61,
      "AccountGroupName": "Salaries & Incentives",
      "GroupCode": "GP62",
      "AccountGroupUnder": 43,
      "Notes": "Default Group",
      "CreatedUserID": 1,
      "CreatedDate": "2020-06-01",
      "UpdatedDate": "2020-06-01",
      "IsActive": 1,
      "IsDefault": 1,
      "Action": "A"
    }
  },
  {
    "model": "brands.AccountGroup_Log",
    "pk": 63,
    "fields": {
      "TransactionID": 62,
      "AccountGroupName": "Service  Purchase",
      "GroupCode": "GP63",
      "AccountGroupUnder": 43,
      "Notes": "Default Group",
      "CreatedUserID": 1,
      "CreatedDate": "2020-06-01",
      "UpdatedDate": "2020-06-01",
      "IsActive": 1,
      "IsDefault": 1,
      "Action": "A"
    }
  },
  {
    "model": "brands.AccountGroup_Log",
    "pk": 64,
    "fields": {
      "TransactionID": 63,
      "AccountGroupName": "Staff Welfare",
      "GroupCode": "GP64",
      "AccountGroupUnder": 43,
      "Notes": "Default Group",
      "CreatedUserID": 1,
      "CreatedDate": "2020-06-01",
      "UpdatedDate": "2020-06-01",
      "IsActive": 1,
      "IsDefault": 1,
      "Action": "A"
    }
  },
  {
    "model": "brands.AccountGroup_Log",
    "pk": 65,
    "fields": {
      "TransactionID": 64,
      "AccountGroupName": "Office Expenses",
      "GroupCode": "GP65",
      "AccountGroupUnder": 50,
      "Notes": "Default Group",
      "CreatedUserID": 1,
      "CreatedDate": "2020-06-01",
      "UpdatedDate": "2020-06-01",
      "IsActive": 1,
      "IsDefault": 1,
      "Action": "A"
    }
  },
  {
    "model": "brands.AccountGroup_Log",
    "pk": 66,
    "fields": {
      "TransactionID": 65,
      "AccountGroupName": "Postage & Telegrams",
      "GroupCode": "GP66",
      "AccountGroupUnder": 50,
      "Notes": "Default Group",
      "CreatedUserID": 1,
      "CreatedDate": "2020-06-01",
      "UpdatedDate": "2020-06-01",
      "IsActive": 1,
      "IsDefault": 1,
      "Action": "A"
    }
  },
  {
    "model": "brands.AccountGroup_Log",
    "pk": 67,
    "fields": {
      "TransactionID": 66,
      "AccountGroupName": "Printing & Stationeries",
      "GroupCode": "GP67",
      "AccountGroupUnder": 50,
      "Notes": "Default Group",
      "CreatedUserID": 1,
      "CreatedDate": "2020-06-01",
      "UpdatedDate": "2020-06-01",
      "IsActive": 1,
      "IsDefault": 1,
      "Action": "A"
    }
  },
  {
    "model": "brands.AccountGroup_Log",
    "pk": 68,
    "fields": {
      "TransactionID": 67,
      "AccountGroupName": "Marketing Expenses",
      "GroupCode": "GP68",
      "AccountGroupUnder": 59,
      "Notes": "Default Group",
      "CreatedUserID": 1,
      "CreatedDate": "2020-06-01",
      "UpdatedDate": "2020-06-01",
      "IsActive": 1,
      "IsDefault": 1,
      "Action": "A"
    }
  },
  {
    "model": "brands.AccountGroup_Log",
    "pk": 69,
    "fields": {
      "TransactionID": 68,
      "AccountGroupName": "Incentives",
      "GroupCode": "GP69",
      "AccountGroupUnder": 61,
      "Notes": "Default Group",
      "CreatedUserID": 1,
      "CreatedDate": "2020-06-01",
      "UpdatedDate": "2020-06-01",
      "IsActive": 1,
      "IsDefault": 1,
      "Action": "A"
    }
  },
  {
    "model": "brands.AccountGroup_Log",
    "pk": 70,
    "fields": {
      "TransactionID": 69,
      "AccountGroupName": "Salaries",
      "GroupCode": "GP70",
      "AccountGroupUnder": 61,
      "Notes": "Default Group",
      "CreatedUserID": 1,
      "CreatedDate": "2020-06-01",
      "UpdatedDate": "2020-06-01",
      "IsActive": 1,
      "IsDefault": 1,
      "Action": "A"
    }
  },
  {
    "model": "brands.AccountGroup_Log",
    "pk": 71,
    "fields": {
      "TransactionID": 70,
      "AccountGroupName": "Direct Income",
      "GroupCode": "GP71",
      "AccountGroupUnder": 41,
      "Notes": "Default Group",
      "CreatedUserID": 1,
      "CreatedDate": "2020-06-01",
      "UpdatedDate": "2020-06-01",
      "IsActive": 1,
      "IsDefault": 1,
      "Action": "A"
    }
  },
  {
    "model": "brands.AccountGroup_Log",
    "pk": 72,
    "fields": {
      "TransactionID": 71,
      "AccountGroupName": "Indirect Income",
      "GroupCode": "GP72",
      "AccountGroupUnder": 41,
      "Notes": "Default Group",
      "CreatedUserID": 1,
      "CreatedDate": "2020-06-01",
      "UpdatedDate": "2020-06-01",
      "IsActive": 1,
      "IsDefault": 1,
      "Action": "A"
    }
  },
  {
    "model": "brands.AccountGroup_Log",
    "pk": 73,
    "fields": {
      "TransactionID": 72,
      "AccountGroupName": "Carriage Outward",
      "GroupCode": "GP73",
      "AccountGroupUnder": 43,
      "Notes": "Default Group",
      "CreatedUserID": 1,
      "CreatedDate": "2020-06-01",
      "UpdatedDate": "2020-06-01",
      "IsActive": 1,
      "IsDefault": 1,
      "Action": "A"
    }
  },
  {
    "model": "brands.AccountGroup_Log",
    "pk": 74,
    "fields": {
      "TransactionID": 73,
      "AccountGroupName": "Discount Received",
      "GroupCode": "GP74",
      "AccountGroupUnder": 71,
      "Notes": "Default Group",
      "CreatedUserID": 1,
      "CreatedDate": "2020-06-01",
      "UpdatedDate": "2020-06-01",
      "IsActive": 1,
      "IsDefault": 1,
      "Action": "A"
    }
  },
  {
    "model": "brands.AccountGroup_Log",
    "pk": 75,
    "fields": {
      "TransactionID": 74,
      "AccountGroupName": "Sales",
      "GroupCode": "GP75",
      "AccountGroupUnder": 70,
      "Notes": "Default Group",
      "CreatedUserID": 1,
      "CreatedDate": "2020-06-01",
      "UpdatedDate": "2020-06-01",
      "IsActive": 1,
      "IsDefault": 1,
      "Action": "A"
    }
  },
  {
    "model": "brands.AccountGroup_Log",
    "pk": 76,
    "fields": {
      "TransactionID": 75,
      "AccountGroupName": "Interest Received",
      "GroupCode": "GP76",
      "AccountGroupUnder": 71,
      "Notes": "Default Group",
      "CreatedUserID": 1,
      "CreatedDate": "2020-06-01",
      "UpdatedDate": "2020-06-01",
      "IsActive": 1,
      "IsDefault": 1,
      "Action": "A"
    }
  },
  {
    "model": "brands.AccountGroup_Log",
    "pk": 77,
    "fields": {
      "TransactionID": 76,
      "AccountGroupName": "Other Income",
      "GroupCode": "GP77",
      "AccountGroupUnder": 71,
      "Notes": "Default Group",
      "CreatedUserID": 1,
      "CreatedDate": "2020-06-01",
      "UpdatedDate": "2020-06-01",
      "IsActive": 1,
      "IsDefault": 1,
      "Action": "A"
    }
  },
  {
    "model": "brands.AccountGroup_Log",
    "pk": 78,
    "fields": {
      "TransactionID": 77,
      "AccountGroupName": "Service Sales",
      "GroupCode": "GP78",
      "AccountGroupUnder": 71,
      "Notes": "Default Group",
      "CreatedUserID": 1,
      "CreatedDate": "2020-06-01",
      "UpdatedDate": "2020-06-01",
      "IsActive": 1,
      "IsDefault": 1,
      "Action": "A"
    }
  },
  {
    "model": "brands.AccountGroup_Log",
    "pk": 79,
    "fields": {
      "TransactionID": 78,
      "AccountGroupName": "VAT Receivable",
      "GroupCode": "GP79",
      "AccountGroupUnder": 11,
      "Notes": "Default Group",
      "CreatedUserID": 1,
      "CreatedDate": "2020-06-01",
      "UpdatedDate": "2020-06-01",
      "IsActive": 1,
      "IsDefault": 1,
      "Action": "A"
    }
  },
  {
    "model": "brands.AccountGroup_Log",
    "pk": 80,
    "fields": {
      "TransactionID": 79,
      "AccountGroupName": "VAT Payable",
      "GroupCode": "GP80",
      "AccountGroupUnder": 30,
      "Notes": "Default Group",
      "CreatedUserID": 1,
      "CreatedDate": "2020-06-01",
      "UpdatedDate": "2020-06-01",
      "IsActive": 1,
      "IsDefault": 1,
      "Action": "A"
    }
  },
  {
    "model": "brands.AccountGroup_Log",
    "pk": 81,
    "fields": {
      "TransactionID": 80,
      "AccountGroupName": "Tax1 Receivable",
      "GroupCode": "GP81",
      "AccountGroupUnder": 11,
      "Notes": "Default Group",
      "CreatedUserID": 1,
      "CreatedDate": "2020-06-01",
      "UpdatedDate": "2020-06-01",
      "IsActive": 1,
      "IsDefault": 1,
      "Action": "A"
    }
  },
  {
    "model": "brands.AccountGroup_Log",
    "pk": 82,
    "fields": {
      "TransactionID": 81,
      "AccountGroupName": "Tax1 Payable",
      "GroupCode": "GP82",
      "AccountGroupUnder": 30,
      "Notes": "Default Group",
      "CreatedUserID": 1,
      "CreatedDate": "2020-06-01",
      "UpdatedDate": "2020-06-01",
      "IsActive": 1,
      "IsDefault": 1,
      "Action": "A"
    }
  },
  {
    "model": "brands.AccountGroup_Log",
    "pk": 83,
    "fields": {
      "TransactionID": 82,
      "AccountGroupName": "Tax2 Receivable",
      "GroupCode": "GP83",
      "AccountGroupUnder": 11,
      "Notes": "Default Group",
      "CreatedUserID": 1,
      "CreatedDate": "2020-06-01",
      "UpdatedDate": "2020-06-01",
      "IsActive": 1,
      "IsDefault": 1,
      "Action": "A"
    }
  },
  {
    "model": "brands.AccountGroup_Log",
    "pk": 84,
    "fields": {
      "TransactionID": 83,
      "AccountGroupName": "Tax2 Payable",
      "GroupCode": "GP84",
      "AccountGroupUnder": 30,
      "Notes": "Default Group",
      "CreatedUserID": 1,
      "CreatedDate": "2020-06-01",
      "UpdatedDate": "2020-06-01",
      "IsActive": 1,
      "IsDefault": 1,
      "Action": "A"
    }
  },
  {
    "model": "brands.AccountGroup_Log",
    "pk": 85,
    "fields": {
      "TransactionID": 84,
      "AccountGroupName": "Tax3 Receivable",
      "GroupCode": "GP85",
      "AccountGroupUnder": 11,
      "Notes": "Default Group",
      "CreatedUserID": 1,
      "CreatedDate": "2020-06-01",
      "UpdatedDate": "2020-06-01",
      "IsActive": 1,
      "IsDefault": 1,
      "Action": "A"
    }
  },
  {
    "model": "brands.AccountGroup_Log",
    "pk": 86,
    "fields": {
      "TransactionID": 85,
      "AccountGroupName": "Tax3 Payable",
      "GroupCode": "GP86",
      "AccountGroupUnder": 30,
      "Notes": "Default Group",
      "CreatedUserID": 1,
      "CreatedDate": "2020-06-01",
      "UpdatedDate": "2020-06-01",
      "IsActive": 1,
      "IsDefault": 1,
      "Action": "A"
    }
  },
  {
    "model": "brands.AccountGroup_Log",
    "pk": 87,
    "fields": {
      "TransactionID": 86,
      "AccountGroupName": "Excise Duty Receivable",
      "GroupCode": "GP87",
      "AccountGroupUnder": 11,
      "Notes": "Default Group",
      "CreatedUserID": 1,
      "CreatedDate": "2020-06-01",
      "UpdatedDate": "2020-06-01",
      "IsActive": 1,
      "IsDefault": 1,
      "Action": "A"
    }
  },
  {
    "model": "brands.AccountGroup_Log",
    "pk": 88,
    "fields": {
      "TransactionID": 87,
      "AccountGroupName": "Excise Duty Payable",
      "GroupCode": "GP88",
      "AccountGroupUnder": 30,
      "Notes": "Default Group",
      "CreatedUserID": 1,
      "CreatedDate": "2020-06-01",
      "UpdatedDate": "2020-06-01",
      "IsActive": 1,
      "IsDefault": 1,
      "Action": "A"
    }
  },
  {
    "model": "brands.AccountGroup_Log",
    "pk": 89,
    "fields": {
      "TransactionID": 88,
      "AccountGroupName": "Investments",
      "GroupCode": "GP89",
      "AccountGroupUnder": 3,
      "Notes": "Default Group",
      "CreatedUserID": 1,
      "CreatedDate": "2020-06-01",
      "UpdatedDate": "2020-06-01",
      "IsActive": 1,
      "IsDefault": 1,
      "Action": "A"
    }
  },
  {
    "model": "brands.AccountGroup_Log",
    "pk": 90,
    "fields": {
      "TransactionID": 89,
      "AccountGroupName": "Additional Tax Payable",
      "GroupCode": "GP90",
      "AccountGroupUnder": 30,
      "Notes": "Default Group",
      "CreatedUserID": 1,
      "CreatedDate": "2020-06-01",
      "UpdatedDate": "2020-06-01",
      "IsActive": 1,
      "IsDefault": 1,
      "Action": "A"
    }
  },
  {
    "model": "brands.AccountGroup_Log",
    "pk": 91,
    "fields": {
      "TransactionID": 90,
      "AccountGroupName": "Wages",
      "GroupCode": "GP91",
      "AccountGroupUnder": 42,
      "Notes": "Default Group",
      "CreatedUserID": 1,
      "CreatedDate": "2020-06-01",
      "UpdatedDate": "2020-06-01",
      "IsActive": 1,
      "IsDefault": 1,
      "Action": "A"
    }
  },
  {
    "model": "brands.AccountGroup_Log",
    "pk": 92,
    "fields": {
      "TransactionID": 91,
      "AccountGroupName": "Bank Charge",
      "GroupCode": "GP92",
      "AccountGroupUnder": 53,
      "Notes": "Default Group",
      "CreatedUserID": 1,
      "CreatedDate": "2020-06-01",
      "UpdatedDate": "2020-06-01",
      "IsActive": 1,
      "IsDefault": 1,
      "Action": "A"
    }
  },
  {
    "model": "brands.AccountGroup_Log",
    "pk": 93,
    "fields": {
      "TransactionID": 92,
      "AccountGroupName": "Salesman Commission",
      "GroupCode": "GP93",
      "AccountGroupUnder": 53,
      "Notes": "Default Group",
      "CreatedUserID": 1,
      "CreatedDate": "2020-06-01",
      "UpdatedDate": "2020-06-01",
      "IsActive": 1,
      "IsDefault": 1,
      "Action": "A"
    }
  },
  {
    "model": "brands.AccountGroup_Log",
    "pk": 94,
    "fields": {
      "TransactionID": 93,
      "AccountGroupName": "Commission Receive",
      "GroupCode": "GP94",
      "AccountGroupUnder": 71,
      "Notes": "Default Group",
      "CreatedUserID": 1,
      "CreatedDate": "2020-06-01",
      "UpdatedDate": "2020-06-01",
      "IsActive": 1,
      "IsDefault": 1,
      "Action": "A"
    }
  },
  {
    "model": "brands.AccountGroup_Log",
    "pk": 95,
    "fields": {
      "TransactionID": 94,
      "AccountGroupName": "Additional tax  Receivable",
      "GroupCode": "GP95",
      "AccountGroupUnder": 11,
      "Notes": "Default Group",
      "CreatedUserID": 1,
      "CreatedDate": "2020-06-01",
      "UpdatedDate": "2020-06-01",
      "IsActive": 1,
      "IsDefault": 1,
      "Action": "A"
    }
  }
]
