[
	{
	    "model": "brands.Bank",
	    "pk": 1,
	    "fields": {
	      "BankID": 1,
	      "BranchID" : 1,
	      "Name" : "Primary Bank",
	      "LedgerName" : "Bank",
	      "LedgerCode" : "BK1",
	      "AccountNumber" : 0,
	      "OpeningBalance" : 0,
	      "Notes" : "Default Bank",
	      "CreatedUserID" : 1,
	      "CreatedDate" : "2020-06-01"
	    }
	},
	{
	    "model": "brands.Bank_Log",
	    "pk": 1,
	    "fields": {
	      "TransactionID": 1,
	      "BranchID" : 1,
	      "Name" : "Primary Bank",
	      "LedgerName" : "Bank",
	      "LedgerCode" : "BK1",
	      "OpeningBalance" : 0,
	      "AccountNumber" : 0,
	      "Notes" : "Default Bank",
	      "CreatedUserID" : 1,
	      "CreatedDate" : "2020-06-01"
	    }
	}
]