[
	{
	   "model":"brands.TaxType",
	   "pk":1,
	   "fields":{
	      "TaxTypeID":1,
	      "BranchID":1,
	      "TaxTypeName":"VAT",
	      "Active":1
	   }
	},
	{
	   "model":"brands.TaxType",
	   "pk":2,
	   "fields":{
	      "TaxTypeID":2,
	      "BranchID":1,
	      "TaxTypeName":"GST",
	      "Active":1
	   }
	},
	{
	   "model":"brands.TaxType",
	   "pk":3,
	   "fields":{
	      "TaxTypeID":3,
	      "BranchID":1,
	      "TaxTypeName":"TAX1",
	      "Active":1
	   }
	},
	{
	   "model":"brands.TaxType",
	   "pk":4,
	   "fields":{
	      "TaxTypeID":4,
	      "BranchID":1,
	      "TaxTypeName":"TAX2",
	      "Active":1
	   }
	},
	{
	   "model":"brands.TaxType",
	   "pk":5,
	   "fields":{
	      "TaxTypeID":5,
	      "BranchID":1,
	      "TaxTypeName":"TAX3",
	      "Active":1
	   }
	},
	{
	   "model":"brands.TaxType",
	   "pk":6,
	   "fields":{
	      "TaxTypeID":6,
	      "BranchID":1,
	      "TaxTypeName":"NONE",
	      "Active":1
	   }
	}
]